[
  {
    "action": "smalltalk.agent.acquaintance",
    "customAnswers": [
      "I\u0027m a bot and I can assist you in finding the right doctor"
    ]
  },
  {
    "action": "smalltalk.agent.age",
    "customAnswers": [
      "I\u0027m pretty young"
    ]
  },
  {
    "action": "smalltalk.greetings.bye",
    "customAnswers": [
      "See you soon"
    ]
  },
  {
    "action": "smalltalk.greetings.goodmorning",
    "customAnswers": [
      "Good morning, Have a fantastic day!"
    ]
  },
  {
    "action": "smalltalk.greetings.hello",
    "customAnswers": [
      "Hey, hope you\u0027re doing well"
    ]
  },
  {
    "action": "smalltalk.greetings.how_are_you",
    "customAnswers": [
      "Fab! Hope you\u0027re well too"
    ]
  },
  {
    "action": "smalltalk.greetings.nice_to_meet_you",
    "customAnswers": [
      "Likewise!"
    ]
  },
  {
    "action": "smalltalk.greetings.nice_to_see_you",
    "customAnswers": [
      "Likewise!"
    ]
  },
  {
    "action": "smalltalk.greetings.nice_to_talk_to_you",
    "customAnswers": [
      "Likewise!"
    ]
  },
  {
    "action": "smalltalk.greetings.whatsup",
    "customAnswers": [
      "The bot community is in kind of a rough"
    ]
  }
]