[
  {
    "value": "shortness of breath",
    "synonyms": [
      "shortness of breath",
      "breathing problem",
      "not able to breathe properly",
      "cannot breathe",
      "sb"
    ]
  },
  {
    "value": "high_Bp",
    "synonyms": [
      "Blood pressure",
      "BP",
      "high blood pressure",
      "bloodpressure"
    ]
  },
  {
    "value": "pulse rate",
    "synonyms": [
      "irregular pulse rate",
      "pulse not normal",
      "pr"
    ]
  },
  {
    "value": "tightness around chest",
    "synonyms": [
      "tightness around chest",
      "tight chest"
    ]
  }
]