[
  {
    "value": "tooth ache",
    "synonyms": [
      "tooth ache",
      "teeth pain",
      "teeth ache"
    ]
  },
  {
    "value": "tooth cavity",
    "synonyms": [
      "tooth cavity"
    ]
  },
  {
    "value": "mouth pain",
    "synonyms": [
      "mouth pain"
    ]
  },
  {
    "value": "mouth swelling",
    "synonyms": [
      "mouth swelling"
    ]
  },
  {
    "value": "gums bleeding",
    "synonyms": [
      "gums bleeding",
      "gum pain"
    ]
  },
  {
    "value": "tooth filling",
    "synonyms": [
      "tooth filling"
    ]
  },
  {
    "value": "tooth crowns",
    "synonyms": [
      "tooth crowns"
    ]
  },
  {
    "value": "tooth alignment",
    "synonyms": [
      "tooth alignment"
    ]
  },
  {
    "value": "teeth whitening",
    "synonyms": [
      "teeth whitening"
    ]
  }
]