[
  {
    "value": "hairfall",
    "synonyms": [
      "hairfall",
      "hairloss",
      "heavy hairfall",
      "thin hair",
      "spilt ends"
    ]
  },
  {
    "value": "dry hair",
    "synonyms": [
      "dry hair",
      "frizzy hair",
      "uncontrollable hair",
      "split ends"
    ]
  },
  {
    "value": "itchy/oily scalp",
    "synonyms": [
      "itchy/oily scalp",
      "itchy scalp",
      "oily scalp"
    ]
  },
  {
    "value": "dandruff",
    "synonyms": [
      "dandruff",
      "white flakes"
    ]
  },
  {
    "value": "skin problem",
    "synonyms": [
      "skin problem",
      "acne",
      "skin rash",
      "skin rashes",
      "pimples",
      "hyperpigmentation",
      "dark circles"
    ]
  }
]