[
  {
    "value": "dizziness",
    "synonyms": [
      "dizziness",
      "giddiness"
    ]
  },
  {
    "value": "anaemic",
    "synonyms": [
      "anaemic"
    ]
  },
  {
    "value": "vomiting",
    "synonyms": [
      "vomiting",
      "puking",
      "nausea"
    ]
  },
  {
    "value": "stomach pain",
    "synonyms": [
      "stomach pain",
      "stomach ache"
    ]
  },
  {
    "value": "Acidity",
    "synonyms": [
      "Acidity"
    ]
  },
  {
    "value": "Diarrhea",
    "synonyms": [
      "diahoere"
    ]
  }
]