[
  {
    "value": "shoulder pain",
    "synonyms": [
      "shoulder pain"
    ]
  },
  {
    "value": "neck pain",
    "synonyms": [
      "neck pain"
    ]
  },
  {
    "value": "leg pain",
    "synonyms": [
      "leg pain",
      "thigh pain"
    ]
  },
  {
    "value": "back pain",
    "synonyms": [
      "back pain"
    ]
  },
  {
    "value": "Muscle Pain",
    "synonyms": [
      "Muscle Pain"
    ]
  },
  {
    "value": "Pelvic Pain",
    "synonyms": [
      "Pelvic Pain"
    ]
  },
  {
    "value": "Abdominal Pain",
    "synonyms": [
      "Abdominal Pain"
    ]
  },
  {
    "value": "Ischemic Pain",
    "synonyms": [
      "Ischemic Pain"
    ]
  },
  {
    "value": "joint pain",
    "synonyms": [
      "joint pain"
    ]
  },
  {
    "value": "knee pain",
    "synonyms": [
      "knee pain"
    ]
  },
  {
    "value": "hand pain",
    "synonyms": [
      "hand pain",
      "wrist pain",
      "finger pain"
    ]
  }
]