[
  {
    "value": "cold",
    "synonyms": [
      "cold",
      "blocked nose",
      "running nose",
      "runny nose"
    ]
  },
  {
    "value": "cough",
    "synonyms": [
      "cough"
    ]
  },
  {
    "value": "fever",
    "synonyms": [
      "fever",
      "high temperature",
      "high body temperature"
    ]
  },
  {
    "value": "soar throat",
    "synonyms": [
      "soar throat"
    ]
  },
  {
    "value": "body pain",
    "synonyms": [
      "body pain",
      "body ache"
    ]
  },
  {
    "value": "throat pain",
    "synonyms": [
      "throat pain"
    ]
  }
]