[
  {
    "value": "irritation in eyes",
    "synonyms": [
      "redness in eyes",
      "red eyes",
      "itchy eyes",
      "itchy/red eyes",
      "dry eyes",
      "irritation in eye",
      "eye irritation"
    ]
  },
  {
    "value": "problems in vision",
    "synonyms": [
      "problem in eyesight",
      "blurriness",
      "double vision",
      "loss of vision",
      "change in vision"
    ]
  },
  {
    "value": "frequent squinting",
    "synonyms": [
      "frequent squinting"
    ]
  },
  {
    "value": "constant headache",
    "synonyms": [
      "constant headache"
    ]
  },
  {
    "value": "watery eyes",
    "synonyms": [
      "watery eyes",
      "eye watering"
    ]
  },
  {
    "value": "eye injury",
    "synonyms": [
      "eye injury",
      "eyes bleeding",
      "eyes hurt",
      "eye infection"
    ]
  },
  {
    "value": "eye swelling",
    "synonyms": [
      "eye swelling"
    ]
  },
  {
    "value": "eye pain",
    "synonyms": [
      "eye pain"
    ]
  }
]