[
  {
    "id": "eefa8dbb-1b6b-442c-bddf-d8d46978e84a",
    "data": [
      {
        "text": "fix doctor",
        "userDefined": false
      }
    ],
    "isTemplate": false,
    "count": 0,
    "lang": "en",
    "updated": 0
  },
  {
    "id": "60e78f95-029c-454a-b0eb-367491705699",
    "data": [
      {
        "text": "appointment",
        "userDefined": false
      }
    ],
    "isTemplate": false,
    "count": 0,
    "lang": "en",
    "updated": 0
  },
  {
    "id": "5efd3f0f-eca7-4dfd-8e1c-bf6d5b5316bb",
    "data": [
      {
        "text": "book",
        "userDefined": false
      }
    ],
    "isTemplate": false,
    "count": 0,
    "lang": "en",
    "updated": 0
  }
]