[
  {
    "id": "0031ca65-580d-4905-aa98-53143292b3cd",
    "data": [
      {
        "text": "delhi",
        "meta": "@sys.geo-city",
        "alias": "geo-city",
        "userDefined": false
      }
    ],
    "isTemplate": false,
    "count": 0,
    "lang": "en",
    "updated": 0
  },
  {
    "id": "e1bf41f2-eca0-47dd-a119-b2ec369f20f9",
    "data": [
      {
        "text": "banglore",
        "meta": "@sys.geo-city",
        "alias": "geo-city",
        "userDefined": false
      }
    ],
    "isTemplate": false,
    "count": 0,
    "lang": "en",
    "updated": 0
  },
  {
    "id": "107e63fd-35da-4881-81cf-b150141b375e",
    "data": [
      {
        "text": "chennai",
        "meta": "@sys.geo-city",
        "alias": "geo-city",
        "userDefined": false
      }
    ],
    "isTemplate": false,
    "count": 0,
    "lang": "en",
    "updated": 0
  }
]