[
  {
    "id": "be61fde9-d580-4274-832e-3a2b19402e1e",
    "data": [
      {
        "text": "bp",
        "meta": "@Cardio-s",
        "alias": "symptom2",
        "userDefined": false
      }
    ],
    "isTemplate": false,
    "count": 0,
    "lang": "en",
    "updated": 0
  },
  {
    "id": "3420492c-1831-4079-b7aa-bd7f76635c2d",
    "data": [
      {
        "text": "not able to breathe",
        "meta": "@Cardio-s",
        "alias": "symptom2",
        "userDefined": true
      }
    ],
    "isTemplate": false,
    "count": 0,
    "lang": "en",
    "updated": 0
  },
  {
    "id": "35383a66-fe6d-4bfb-b148-05072fd857e0",
    "data": [
      {
        "text": "irregular pulse rate",
        "meta": "@Cardio-s",
        "alias": "symptom2",
        "userDefined": true
      }
    ],
    "isTemplate": false,
    "count": 0,
    "lang": "en",
    "updated": 0
  },
  {
    "id": "6bfec698-e60f-49b2-8b28-89ba0c560874",
    "data": [
      {
        "text": "I have ",
        "userDefined": false
      },
      {
        "text": "high blood pressure",
        "meta": "@Cardio-s",
        "alias": "symptom2",
        "userDefined": true
      }
    ],
    "isTemplate": false,
    "count": 1,
    "lang": "en",
    "updated": 0
  }
]