[
  {
    "id": "98bd0aa3-5c26-4ae5-b641-59308a68d620",
    "data": [
      {
        "text": "i have left side chest pain for ",
        "userDefined": false
      },
      {
        "text": "the past 4 days",
        "meta": "@sys.duration",
        "alias": "duration",
        "userDefined": false
      }
    ],
    "isTemplate": false,
    "count": 0,
    "lang": "en",
    "updated": 0
  },
  {
    "id": "97bc34f1-6f39-4423-a332-d5ab7c857551",
    "data": [
      {
        "text": "i have left side chest pain",
        "userDefined": false
      }
    ],
    "isTemplate": false,
    "count": 0,
    "lang": "en",
    "updated": 0
  },
  {
    "id": "fd3d988e-fedc-4dda-9014-edfbd3a34f14",
    "data": [
      {
        "text": "left side chest pain",
        "userDefined": false
      }
    ],
    "isTemplate": false,
    "count": 0,
    "lang": "en",
    "updated": 0
  },
  {
    "id": "1707aa7a-3c81-4094-8c88-87be519db45c",
    "data": [
      {
        "text": "left side",
        "userDefined": false
      }
    ],
    "isTemplate": false,
    "count": 0,
    "lang": "en",
    "updated": 0
  },
  {
    "id": "fc5c22d9-96e7-415c-852a-b3d0567329ed",
    "data": [
      {
        "text": "left",
        "userDefined": false
      }
    ],
    "isTemplate": false,
    "count": 0,
    "lang": "en",
    "updated": 0
  }
]