[
  {
    "id": "e5d988d4-7168-45b8-8185-b97fd02269db",
    "data": [
      {
        "text": "i have ",
        "userDefined": false
      },
      {
        "text": "right side chest pain",
        "meta": "@pulmo",
        "alias": "pulmo",
        "userDefined": true
      },
      {
        "text": " for ",
        "userDefined": false
      },
      {
        "text": "the past 4 days",
        "meta": "@sys.duration",
        "alias": "duration",
        "userDefined": false
      }
    ],
    "isTemplate": false,
    "count": 0,
    "lang": "en",
    "updated": 0
  },
  {
    "id": "3a1a46d0-0335-45de-9ab5-f3f9e18c7679",
    "data": [
      {
        "text": "right side chest pain",
        "meta": "@pulmo",
        "alias": "pulmo",
        "userDefined": true
      }
    ],
    "isTemplate": false,
    "count": 0,
    "lang": "en",
    "updated": 0
  },
  {
    "id": "4a9e781d-c3a2-4f63-9026-4fa419cfe3fe",
    "data": [
      {
        "text": "right side",
        "userDefined": false
      }
    ],
    "isTemplate": false,
    "count": 0,
    "lang": "en",
    "updated": 0
  },
  {
    "id": "f1f8dda3-1f6c-4993-86dd-a8e03ceb1b3d",
    "data": [
      {
        "text": "right",
        "userDefined": false
      }
    ],
    "isTemplate": false,
    "count": 0,
    "lang": "en",
    "updated": 0
  }
]