[
  {
    "id": "f25beb59-e69d-4a3f-b281-bbc7f14d36d5",
    "data": [
      {
        "text": "chest pain",
        "meta": "@sys.ignore",
        "userDefined": true
      }
    ],
    "isTemplate": false,
    "count": 0,
    "lang": "en",
    "updated": 0
  },
  {
    "id": "6caf5ba8-e879-4cb2-ba7c-9e1b65e34ecc",
    "data": [
      {
        "text": "i have ",
        "userDefined": false
      },
      {
        "text": "chest pain",
        "meta": "@sys.ignore",
        "userDefined": true
      }
    ],
    "isTemplate": false,
    "count": 0,
    "lang": "en",
    "updated": 0
  }
]