[
  {
    "id": "5e925625-235e-456d-b974-2a3b507e9632",
    "data": [
      {
        "text": "my ",
        "userDefined": false
      },
      {
        "text": "tooth fell",
        "meta": "@dental-s",
        "alias": "dental-s",
        "userDefined": true
      },
      {
        "text": " off",
        "userDefined": false
      }
    ],
    "isTemplate": false,
    "count": 0,
    "lang": "en",
    "updated": 0
  },
  {
    "id": "0c04f56e-b21d-4992-8099-83bc297feb94",
    "data": [
      {
        "text": "my ",
        "userDefined": false
      },
      {
        "text": "gums",
        "meta": "@dental-s",
        "alias": "dental-s",
        "userDefined": false
      },
      {
        "text": " are ",
        "userDefined": false
      },
      {
        "text": "bleeding",
        "meta": "@dental-s",
        "alias": "dental-s",
        "userDefined": false
      }
    ],
    "isTemplate": false,
    "count": 0,
    "lang": "en",
    "updated": 0
  },
  {
    "id": "5d882917-5e38-47d7-8e1d-679cd2953280",
    "data": [
      {
        "text": "i want to do ",
        "userDefined": false
      },
      {
        "text": "teeth alignment",
        "meta": "@dental-s",
        "alias": "dental-s",
        "userDefined": false
      }
    ],
    "isTemplate": false,
    "count": 0,
    "lang": "en",
    "updated": 0
  },
  {
    "id": "4ff9f6ee-ca87-45f9-8d77-2475ecb9d0a5",
    "data": [
      {
        "text": "have ",
        "userDefined": false
      },
      {
        "text": "pain in my tooth",
        "meta": "@dental-s",
        "alias": "dental-s",
        "userDefined": true
      }
    ],
    "isTemplate": false,
    "count": 0,
    "lang": "en",
    "updated": 0
  }
]