[
  {
    "id": "16a4fe3b-2620-4a47-9489-0acbc0b0ff9e",
    "data": [
      {
        "text": "hairfall",
        "meta": "@dermatology-s",
        "alias": "dermatology-s",
        "userDefined": false
      }
    ],
    "isTemplate": false,
    "count": 0,
    "lang": "en",
    "updated": 0
  },
  {
    "id": "e4327cbf-c49e-41d5-976b-468dfd778f5a",
    "data": [
      {
        "text": "skin problem",
        "meta": "@dermatology-s",
        "alias": "dermatology-s",
        "userDefined": true
      }
    ],
    "isTemplate": false,
    "count": 0,
    "lang": "en",
    "updated": 0
  },
  {
    "id": "959f2b56-b919-4d84-9c63-63068cd7b53d",
    "data": [
      {
        "text": "skin rash",
        "meta": "@dermatology-s",
        "alias": "dermatology-s",
        "userDefined": false
      }
    ],
    "isTemplate": false,
    "count": 0,
    "lang": "en",
    "updated": 0
  },
  {
    "id": "a1305ac5-aa3f-450c-94f8-bc5cd64262d5",
    "data": [
      {
        "text": "suffering from ",
        "userDefined": false
      },
      {
        "text": "dandruff",
        "meta": "@dermatology-s",
        "alias": "dermatology-s",
        "userDefined": false
      }
    ],
    "isTemplate": false,
    "count": 0,
    "lang": "en",
    "updated": 0
  },
  {
    "id": "d9d9960d-129c-41b5-b155-992dec93e078",
    "data": [
      {
        "text": "my ",
        "userDefined": false
      },
      {
        "text": "hair is very thin and dry",
        "meta": "@dermatology-s",
        "alias": "dermatology-s",
        "userDefined": true
      }
    ],
    "isTemplate": false,
    "count": 1,
    "lang": "en",
    "updated": 0
  },
  {
    "id": "8f0a03cc-4653-4188-b037-18acfde94956",
    "data": [
      {
        "text": "i have ",
        "userDefined": false
      },
      {
        "text": "itchy skin",
        "meta": "@dermatology-s",
        "alias": "dermatology-s",
        "userDefined": true
      }
    ],
    "isTemplate": false,
    "count": 0,
    "lang": "en",
    "updated": 0
  },
  {
    "id": "46ae9551-5ea1-4c22-829b-44d9650dc198",
    "data": [
      {
        "text": "i have ",
        "userDefined": false
      },
      {
        "text": "problem of",
        "meta": "@sys.ignore",
        "userDefined": false
      },
      {
        "text": " ",
        "userDefined": false
      },
      {
        "text": "wrinkles",
        "meta": "@dermatology-s",
        "alias": "dermatology-s",
        "userDefined": false
      }
    ],
    "isTemplate": false,
    "count": 0,
    "lang": "en",
    "updated": 0
  },
  {
    "id": "a86235d6-6f59-472f-a6c1-e5d8b581922a",
    "data": [
      {
        "text": "i have many ",
        "userDefined": false
      },
      {
        "text": "pimples",
        "meta": "@dermatology-s",
        "alias": "dermatology-s",
        "userDefined": false
      },
      {
        "text": " and ",
        "userDefined": false
      },
      {
        "text": "blemishes",
        "meta": "@dermatology-s",
        "alias": "dermatology-s",
        "userDefined": false
      }
    ],
    "isTemplate": false,
    "count": 0,
    "lang": "en",
    "updated": 0
  },
  {
    "id": "0e663a03-64ac-4d9e-8086-40a8fa50752a",
    "data": [
      {
        "text": "i have ",
        "userDefined": false
      },
      {
        "text": "heavy hairfall",
        "meta": "@dermatology-s",
        "alias": "dermatology-s",
        "userDefined": false
      }
    ],
    "isTemplate": false,
    "count": 0,
    "lang": "en",
    "updated": 0
  }
]