[
  {
    "id": "69447df3-f777-496b-9a3d-dc3973a2a3bc",
    "data": [
      {
        "text": "shoulder pain",
        "meta": "@gen-2",
        "alias": "gen-2",
        "userDefined": false
      },
      {
        "text": " for ",
        "userDefined": false
      },
      {
        "text": "the past one week",
        "meta": "@sys.duration",
        "alias": "duration",
        "userDefined": false
      }
    ],
    "isTemplate": false,
    "count": 0,
    "lang": "en",
    "updated": 0
  },
  {
    "id": "c87829ca-718f-4d2d-a939-93f0eb3707fa",
    "data": [
      {
        "text": "i have unbearable ",
        "userDefined": false
      },
      {
        "text": "neck pain",
        "meta": "@gen-2",
        "alias": "gen-2",
        "userDefined": false
      }
    ],
    "isTemplate": false,
    "count": 0,
    "lang": "en",
    "updated": 0
  },
  {
    "id": "24109650-9d0b-43de-9627-55b9db63b7f2",
    "data": [
      {
        "text": "my ",
        "userDefined": false
      },
      {
        "text": "knees are paining",
        "meta": "@gen-2",
        "alias": "gen-2",
        "userDefined": true
      },
      {
        "text": " so much",
        "userDefined": false
      }
    ],
    "isTemplate": false,
    "count": 0,
    "lang": "en",
    "updated": 0
  },
  {
    "id": "eaa5124c-a170-4086-b152-d958ac2859cf",
    "data": [
      {
        "text": "i am having ",
        "userDefined": false
      },
      {
        "text": "leg pain",
        "meta": "@gen-2",
        "alias": "gen-2",
        "userDefined": false
      }
    ],
    "isTemplate": false,
    "count": 0,
    "lang": "en",
    "updated": 0
  }
]