[
  {
    "id": "8a6ea0c6-28bc-4e4a-b808-d2f5f311046c",
    "data": [
      {
        "text": " ",
        "userDefined": false
      },
      {
        "text": "cold",
        "meta": "@gen-1",
        "alias": "gen-1",
        "userDefined": false
      }
    ],
    "isTemplate": false,
    "count": 0,
    "lang": "en",
    "updated": 0
  },
  {
    "id": "2de6ab9c-8934-4eb3-b43f-a5580ad4e7a0",
    "data": [
      {
        "text": "fever",
        "meta": "@gen-1",
        "alias": "gen-1",
        "userDefined": false
      },
      {
        "text": " for ",
        "userDefined": false
      },
      {
        "text": "2 days",
        "meta": "@sys.duration",
        "alias": "duration",
        "userDefined": false
      }
    ],
    "isTemplate": false,
    "count": 0,
    "lang": "en",
    "updated": 0
  },
  {
    "id": "e0894e27-49b3-40c2-92c7-cb22544dcb84",
    "data": [
      {
        "text": "i am having ",
        "userDefined": false
      },
      {
        "text": "cough",
        "meta": "@gen-1",
        "alias": "gen-1",
        "userDefined": false
      },
      {
        "text": " and ",
        "userDefined": false
      },
      {
        "text": "cold",
        "meta": "@gen-1",
        "alias": "gen-1",
        "userDefined": false
      }
    ],
    "isTemplate": false,
    "count": 0,
    "lang": "en",
    "updated": 0
  },
  {
    "id": "30a63b3e-1aaf-4aba-8d99-3790b11bd1e7",
    "data": [
      {
        "text": "i am having ",
        "userDefined": false
      },
      {
        "text": "fever",
        "meta": "@gen-1",
        "alias": "gen-1",
        "userDefined": false
      },
      {
        "text": " for ",
        "userDefined": false
      },
      {
        "text": "the past 3 days",
        "meta": "@sys.duration",
        "alias": "duration",
        "userDefined": false
      }
    ],
    "isTemplate": false,
    "count": 0,
    "lang": "en",
    "updated": 0
  }
]