[
  {
    "id": "08794c45-8fc1-44f4-9974-78f9a7fa596f",
    "data": [
      {
        "text": "Having ",
        "userDefined": false
      },
      {
        "text": "constant headache",
        "meta": "@Opthal-s",
        "alias": "opthal-s",
        "userDefined": false
      }
    ],
    "isTemplate": false,
    "count": 0,
    "lang": "en",
    "updated": 0
  },
  {
    "id": "0c8c2112-1f20-4364-8ec6-d9abfc47d171",
    "data": [
      {
        "text": "I\u0027m suffering from ",
        "userDefined": false
      },
      {
        "text": "problems in vision",
        "meta": "@Opthal-s",
        "alias": "opthal-s",
        "userDefined": false
      }
    ],
    "isTemplate": false,
    "count": 0,
    "lang": "en",
    "updated": 0
  },
  {
    "id": "ad3b806d-ce94-4560-b783-7ad39f944471",
    "data": [
      {
        "text": "eye injury",
        "meta": "@Opthal-s",
        "alias": "opthal-s",
        "userDefined": false
      }
    ],
    "isTemplate": false,
    "count": 0,
    "lang": "en",
    "updated": 0
  },
  {
    "id": "5c2927b0-f20f-4adc-859c-215a48a8aedd",
    "data": [
      {
        "text": "watery eyes",
        "meta": "@Opthal-s",
        "alias": "opthal-s",
        "userDefined": false
      }
    ],
    "isTemplate": false,
    "count": 0,
    "lang": "en",
    "updated": 0
  },
  {
    "id": "27cbcc7c-0fb6-4ef1-a778-6f2292b4d986",
    "data": [
      {
        "text": "frequent squinting",
        "meta": "@Opthal-s",
        "alias": "opthal-s",
        "userDefined": false
      }
    ],
    "isTemplate": false,
    "count": 0,
    "lang": "en",
    "updated": 0
  },
  {
    "id": "e59710c7-d22b-4a26-b374-2c9f9ef5287a",
    "data": [
      {
        "text": "I have ",
        "userDefined": false
      },
      {
        "text": "irritaion in eye",
        "meta": "@Opthal-s",
        "alias": "opthal-s",
        "userDefined": false
      }
    ],
    "isTemplate": false,
    "count": 0,
    "lang": "en",
    "updated": 0
  }
]